<?xml version="1.0" encoding="UTF-8"?>
<!DOCTYPE hibernate-configuration PUBLIC
		"-//Hibernate/Hibernate Configuration DTD 3.0//EN"
		"http://www.hibernate.org/dtd/hibernate-configuration-3.0.dtd">
<hibernate-configuration>
    <session-factory>
        <property name="hibernate.connection.driver_class">com.mysql.cj.jdbc.Driver</property>
        <property name="hibernate.connection.password">Sumit1234</property>
        <property name="hibernate.connection.url">jdbc:mysql://localhost:3306/RepairAnyCar?serverTimezone=UTC</property>
        <property name="hibernate.connection.username">root</property>
        <property name="hibernate.dialect">org.hibernate.dialect.MySQL5Dialect</property>
        <property name="hibernate.hbm2ddl.auto">update</property>
        <property name="hibernate.show_sql">true</property>
        
        <mapping class = "com.sumit.pojo.Customer"/>
        <mapping class = "com.sumit.pojo.Vehicle"/>
        <mapping class = "com.sumit.pojo.ServiceCenter"/>
        <mapping class = "com.sumit.pojo.Address"/>
        <mapping class = "com.sumit.pojo.Services"/>
        <mapping class = "com.sumit.pojo.Booking"/>
    </session-factory>
</hibernate-configuration>
